{"cameraMode":{"drawMode":0,"name":"Shaded","section":"Shading Mode"},"sceneLighting":false,"audioPlay":false,"sceneViewState":{"m_AlwaysRefresh":false,"showFog":true,"showSkybox":false,"showFlares":true,"showImageEffects":true,"showParticleSystems":true,"showVisualEffectGraphs":true,"m_FxEnabled":true},"in2DMode":false,"pivot":{"x":0.10691440105438233,"y":1.9613128900527955,"z":0.3486666679382324},"rotation":{"x":-0.19171743094921113,"y":-0.005321222823113203,"z":0.000949102861341089,"w":-0.9815199375152588},"size":2.7585525512695314,"orthographic":false}